tip_label,species,latin,common,harem_size,male_weight,female_weight,male_length,female_length,IUCN_rating,Abundance,BreedingType,birth_mass,breeding_season_length,lactation_length,life_span_years,latitude,rel_birth_weight,log_male_weight,log_female_weight,Longevity,Generation_time,Age_primiparity,g2,CIlow,CIup,p_val,num_alleles_mean,num_alleles_mean.CIlow,num_alleles_mean.CIhigh,num_alleles_sd,num_alleles_sd.CIlow,num_alleles_sd.CIhigh,exp_het_mean,exp_het_mean.CIlow,exp_het_mean.CIhigh,exp_het_sd,exp_het_sd.CIlow,exp_het_sd.CIhigh,obs_het_mean,obs_het_mean.CIlow,obs_het_mean.CIhigh,obs_het_sd,obs_het_sd.CIlow,obs_het_sd.CIhigh,mean_allele_size_sd,mean_allele_size_sd.CIlow,mean_allele_size_sd.CIhigh,sd_allele_size_sd,sd_allele_size_sd.CIlow,sd_allele_size_sd.CIhigh,mean_allele_size_kurtosis,mean_allele_size_kurtosis.CIlow,mean_allele_size_kurtosis.CIhigh,sd_allele_size_kurtosis,sd_allele_size_kurtosis.CIlow,sd_allele_size_kurtosis.CIhigh,mean_allele_range,mean_allele_range.CIlow,mean_allele_range.CIhigh,sd_allele_range,sd_allele_range.CIlow,sd_allele_range.CIhigh,mratio_mean,mratio_mean.CIlow,mratio_mean.CIhigh,mratio_sd,mratio_sd.CIlow,mratio_sd.CIhigh,prop_low_afs_mean,prop_low_afs_mean.CIlow,prop_low_afs_mean.CIhigh,prop_low_afs_sd,prop_low_afs_sd.CIlow,prop_low_afs_sd.CIhigh,IAM_ratio,IAM_Wilc_Exc,TPM70_ratio,TPM70_Wilc_Exc,TPM80_ratio,TPM80_Wilc_Exc,TPM90_ratio,TPM90_Wilc_Exc,SMM_ratio,SMM_Wilc_Exc,nloc,nind,short,bot,neut,common_abbr
Odobenus_rosmarus,atlantic_walrus,Odobenus rosmarus,Walrus,5,1050,655,300,250,vulnerable,19e3,ice,63.4,50,730,40,75,0.08527236045729657,3.0211892990699383,2.871280972857973,14600,5530,1825,0.004255651525191251,-0.005082187720362096,0.014036517178275134,0.144,4.4172,3.9,4.9,2.0954837062310894,1.5052675257351413,2.7162576191631547,0.6008258967803782,0.5462753912968696,0.6547924191606467,0.22466942154613503,0.16228538279902724,0.2903620462886691,0.5966174206349206,0.5011111111111112,0.6789236111111111,0.25436741127321705,0.17495856890110642,0.3268166435628195,1.4673265978761503,1.2541042168202876,1.682053553468092,0.9895994162178148,0.8085958199452238,1.1754124913993487,4.111554611243406,2.8121752489012954,5.903395822595438,3.2119099078137485,1.040502467555792,6.003629949614463,4.883226388888889,4.1,5.612083333333332,3.0252298726612916,2.3687197384081795,3.777427002037533,0.8031583232585316,0.7327202380952382,0.881181277056277,0.19543222486518322,0.1413337996539778,0.2456707670834514,0.16692108225108224,0.06441666666666669,0.28450757575757574,0.2021751814732418,0.12526782916678042,0.27903846899919765,0.9,0.00684,0.7,0.09668,0.7,0.27832,0.3,0.6875,0.2,0.99756,NA,NA,W,0.441,0.559,Walrus (W)
Callorhinus_ursinus,northern_fur_seal,Callorhinus ursinus,Northern Fur Seal,36.4,227,44.75,213,135,vulnerable,129e4,land,5.8,45,118,26,54.5,0.134648868253047,2.3560258571931225,1.6342252861200661,12775,4745,2007,0.0018581823793342167,-0.007903507784069851,0.01265135470473133,0.333,7.5185,6.5,8.5,2.3793876726138996,1.4880476182856899,3.2841611235921855,0.7933713344114176,0.7479389727382181,0.835078796869625,0.20677314557371995,0.11378549680532088,0.30569304451660195,0.732636259920635,0.638515625,0.8137400793650793,0.2772382075888386,0.18348548658806005,0.36380636513236736,4.1607544270458,3.170432061211534,4.788529790666325,2.5050864161399047,1.135386549595533,3.4781432144911513,3.3209050779487534,2.1163752675648264,4.974900590610114,2.376541074894784,0.5869172741424277,5.628205315644524,13.350982142857143,10.496875000000003,14.875,6.645851746757143,4.0497386328537175,8.464737142528085,0.6047534988629556,0.530430897737883,0.6913199645340207,0.25411492529668744,0.18783751176409716,0.3162389297041421,0.20459956952769454,0,0.4427978445165945,0.20169526438476404,0,0.3165520455254519,0.875,0.09766,0.875,0.09766,0.625,0.27344,0.5,0.47266,0,1,NA,NA,NFS,0.354,0.646,Northern Fur Seal (NFS)
Eumetopias_jubatus,stellers_sea_lion,Eumetopias jubatus,Steller Sea Lion,11.8,1e3,287.55,300,240.15,near threatened,78e3,land,21.1,45,320,30,57,0.07501555417296242,3,2.4491311333577364,11461,3650,2420,0.002470849554335297,-0.0026110695062286434,0.00838512062751169,0.176,4.661769230769231,4.230769230769231,5.076923076923077,1.6095129028220068,1.192927878405448,2.035108277747942,0.6617782110383861,0.6182111481569685,0.6990665105448387,0.17916047094647744,0.1290482179876444,0.2315682538666726,0.6607968253968254,0.5846153846153846,0.7307692307692307,0.21180899525576408,0.14935282695091873,0.27551812166611783,1.647393150620813,1.4926942363767337,1.8310364218603643,0.8824340657560208,0.7504608808992081,1.083795875298967,3.119858874121702,2.247154853877286,4.327736139242023,2.3324742974067596,0.8228455817559085,4.679674858574494,5.068961538461538,4.384615384615385,5.769230769230769,2.3892748486680464,1.6641005886756874,3.1522782346824423,0.816509719802989,0.7512278693528694,0.8835821123321123,0.20545498449882332,0.16640016485378853,0.2456703477088988,0.2048637973137973,0.11318681318681319,0.29743589743589743,0.18790387657452148,0.13335897717862596,0.24656487377814157,0.9230769230769231,6.1e-4,0.7692307692307693,0.04016,0.6153846153846154,0.12195,0.6153846153846154,0.44629,0.3076923076923077,0.98669,NA,NA,SSL,0.442,0.558,Steller Sea Lion (SSL)
Zalophus_californianus,california_sea_lion,Zalophus californianus,California Sea Lion,16.2,289,86,225,180,least concern,226e3,land,8.3,60,330,17,33,0.09595375722543353,2.4608978427565478,1.9370161074648142,11990,5307,2328,-9.140215626768367e-5,-0.0039382549000728986,0.004209850143576365,0.516,5.421461538461538,4.846153846153846,6,1.3274934306628816,0.8770580193070292,1.8010857692582416,0.7432510305450946,0.706210341086502,0.7753077452303457,0.0842814946142009,0.05134262523119716,0.12782266851621277,0.7405149267399267,0.6666452991452991,0.8145299145299145,0.14642820895628184,0.08822659406419132,0.20881561552576644,2.247348784346286,2.028939919961751,2.476282109502422,1.0951737039577634,0.7494773463577992,1.469912121069694,2.9135787315979753,2.2415408520573457,3.8058180747031694,1.7628949537302063,0.7631249644682228,3.381249155001794,6.993615384615385,6.153846153846154,7.924999999999999,3.4086233999513977,2.1387717993274356,5.060403376470126,0.7391836990992752,0.6725111373669066,0.8024091839533016,0.20494788401589786,0.15854274951519523,0.24486693370135287,0.2316004412254412,0.13479395604395603,0.3258882783882784,0.18632546868330924,0.12919660242968004,0.2424859205638206,0.9230769230769231,1.2e-4,0.6923076923076923,0.09546,0.6153846153846154,0.31775,0.5384615384615384,0.68225,0.23076923076923078,0.99664,13,347,CSL,0.534,0.466,California Sea Lion (CSL)
Zalophus_wollebaeki,galapagos_sea_lion,Zalophus wollebaeki,Galapagos Sea Lion,13.5,200,78,NA,NA,endangered,9900,land,4,180,545,20,0,0.05228758169934641,2.3010299956639813,1.8836614351536176,NA,3650,2285,-1.267359219306874e-4,-0.0025437163356651312,0.0024276444502407957,0.493,4.7164090909090906,4.318181818181818,5.090909090909091,1.897918671980641,1.4651985208426521,2.3600090267403484,0.6245587574663038,0.5894677033492823,0.6586124401913875,0.19605060776293845,0.15680247649600634,0.2367792020941602,0.6239454545454546,0.5666287878787879,0.6772727272727272,0.22779424323087183,0.17653468861945568,0.2746850833876735,1.6576931756519402,1.5132018263881621,1.8094633299593808,1.4946222425298425,1.2885762349377579,1.7151544358460762,3.7562110831675657,2.9411917398409093,4.825344755541994,2.7894698205555355,1.328034124743784,4.701914022925655,5.454638528138529,4.862500000000001,6.318560606060606,4.18476580509433,3.379552342535248,5.892499901742936,0.8394530448346318,0.788442069294342,0.8820771085366146,0.20695097105870155,0.17449248825242297,0.23915468403053264,0.26878279435211255,0.1965577036599765,0.342343647514102,0.2014565654458419,0.15405794556547292,0.24467351794383782,0.8181818181818182,2e-5,0.5454545454545454,0.53802,0.45454545454545453,0.85489,0.2727272727272727,0.99584,0.09090909090909091,1,22,781,GSL,0.133,0.867,Galapagos Sea Lion (GSL)
Arctocephalus_pusillus,australian_fur_seal,Arctocephalus pusillus,Australian Fur Seal,10.2,307,84,215.6,157.2,least concern,12e4,land,7.8,60,330,18,39,0.10176125244618395,2.4871383754771865,1.884512159190394,9691,3588,1095,0.012751348700343224,-0.015524370539652986,0.0428786948720247,0.192,4.696,4,5.4,2.320063963558256,1.5157417040255312,3.1634547513435747,0.5894084210526316,0.5031052631578947,0.6642368421052632,0.2747630473440021,0.19013370569583438,0.34925920264274796,0.5762,0.45999999999999996,0.7000000000000001,0.28445511009172847,0.17888543819998318,0.3782192892055161,2.0673434473694305,1.7228902447840648,2.3854825715147103,1.2878892255484462,1.0330590002489655,1.5537155758572982,4.486153484872487,2.2899673845595667,7.001447221704626,4.324287460824604,1.1345867500446116,7.533971664795688,6.7579,5.2,8.5,4.069309308566898,2.8722813232690143,4.848194475427301,0.6885162071262071,0.5611471861471862,0.8100521978021978,0.19969495875045892,0.10048390911978013,0.2539510621447362,0.270931443001443,0.115,0.43573809523809526,0.19401891538614877,0.09309493362512627,0.29198733537958127,0.8,0.10938,0.4,0.89063,0.2,0.95313,0.2,0.96875,0,1,5,183,AFS,0.362,0.638,Australian Fur Seal (AFS)
Otaria_flavescens,south_american_sea_lion,Otaria byronia / Otaria flavescens,South American Sea Lion,6,300,144,234.88,188.86,least concern,25e4,land,13,180,548,20,42,0.09187279151943463,2.4771212547196626,2.150756439860309,9819,2555,1460,0.001085668136641571,-0.003423146851292463,0.006327250246068353,0.288,4.929142857142857,4.571428571428571,5.333333333333333,1.9466189697699392,1.5690078578847155,2.3583690894142846,0.6709664298312463,0.6368551689681722,0.7007615443838354,0.16429478688036728,0.1298713616784869,0.20312337304059333,0.6637467120181406,0.6036772486772487,0.7238095238095238,0.20197884934646362,0.15269973028359246,0.25211160185950615,1.9522508449504652,1.7669668304368642,2.1221674724013933,1.4550495129084726,1.0782339125628273,1.77751502503389,3.0682490224762864,2.470311160744632,3.854655438077048,2.1594279752603542,1.1283137135481074,3.755390492352414,6.218339826839827,5.590909090909091,6.773863636363635,4.471467415875723,3.864045045876206,5.145012849667256,0.7715813419683989,0.7294492775742776,0.8125204557347414,0.2099724874129607,0.17985480823309005,0.2370642244205873,0.20202709208780636,0.1113945578231293,0.2974744897959183,0.19813570318639553,0.15125118341417854,0.24525218530088913,0.9545454545454546,2e-5,0.7727272727272727,0.00162,0.6818181818181818,0.04587,0.45454545454545453,0.71697,0.18181818181818182,0.99985,22,270,SASL,0.412,0.588,South American Sea Lion (SASL)
Phocarctos_hookeri,new_zealand_sea_lion,Phocarctos hookeri,New Zealand Sea Lion,12.9,364,183,225,180,endangered,9880,land,7.6,30,365,23,50,0.05105811219348337,2.561101383649056,2.1727488389827436,NA,3650,NA,9.268236673383168e-4,-0.005718440001211333,0.007782621619082969,0.383,4.835176470588236,4.411764705882353,5.235294117647059,1.9073241008762196,1.3719886811400708,2.5136377809171107,0.6764737675081146,0.6402655861106052,0.7117724458204333,0.14578702387569922,0.10794437087262657,0.1909167243081595,0.6706181372549019,0.6032271241830066,0.7352941176470589,0.17804766654326293,0.12747058829127436,0.23205825692344645,1.7484217227455794,1.568374746027715,1.9241637573533612,1.0253082947211232,0.8261248706696778,1.2399500666445777,3.0611807911015805,2.42005725798471,3.8741880658234837,1.7447120795950553,0.8318820009640825,2.990135558024981,5.784058823529412,5.029411764705882,6.411764705882353,3.7995371947365433,2.7887229433592053,4.60351681896751,0.7931074225385436,0.7375878907712818,0.8493627409097609,0.20672020743561345,0.1660225992500843,0.24190478159716736,0.22328725424901896,0.11469887955182073,0.30577174051438755,0.18519617568892283,0.1375956848195944,0.2342864852753656,1,0,0.7058823529411765,0.00467,0.7058823529411765,0.03984,0.47058823529411764,0.44498,0.35294117647058826,0.98023,17,205,NZSL,0.42,0.58,New Zealand Sea Lion (NZSL)
Arctocephalus_townsendi,guadalupe_fur_seal,Arctocephalus townsendi,Guadalupe Fur Seal,6.2,145,49.25,NA,NA,least concern,2e4,land,5.2,45,285,23,29,0.10558375634517767,2.161368002234975,1.6924062348336306,8760,3650,NA,2.6017585456239445e-4,-0.0034544094176944228,0.0044107507947323266,0.43,5.759733333333333,5.333333333333333,6.2,2.0747679748889265,1.486446705914413,2.695675549220764,0.767927784084394,0.7375421969957574,0.7940438596491227,0.09007496863967715,0.061466678535924205,0.12925272819821776,0.774982037037037,0.7088888888888889,0.8378148148148147,0.14786663926902954,0.09611501047232551,0.2023721319040108,3.1411253522021005,2.8488543099350205,3.389106937292246,2.3353951602917395,1.8670253427240548,2.7204768839764646,2.546274914481198,2.070169430168218,3.201445125517234,1.3911340351939894,0.6154477847305243,2.70109114374399,9.3592,8.733333333333333,9.933333333333334,6.988255581511235,6.166518516948425,7.724466380859559,0.6770827619658684,0.6412254213107155,0.7128517960836802,0.2345734229755885,0.2046321958069529,0.2638986171095683,0.21898704277204278,0.14555555555555555,0.2953645983645984,0.1895172850245229,0.13750366982598833,0.24240461819843528,1,2e-5,1,2e-5,0.9333333333333333,3e-5,0.9333333333333333,2.1e-4,0.6,0.13843,15,224,GuaFS,0.948,0.052,Guadalupe Fur Seal (GuaFS)
Arctocephalus_gazella,antarctic_fur_seal,Arctocephalus gazella,Antarctic Fur Seal,10.3,155,38.2,185.9,128.75,least concern,5e6,land,5.3,30,116,23,54,0.1367741935483871,2.1903316981702914,1.588271706842329,8395,3342,1278,0.0021572554220730122,-0.001277604591652306,0.006577228364028386,0.022,7.160285714285714,6.666666666666667,7.619047619047619,2.3589778589635975,1.9395630337539334,2.8091050160902826,0.8113066928452156,0.7850762658864716,0.8337549756744802,0.11590829047215574,0.08908822862335584,0.1505980676396816,0.8063511337868481,0.7535681216931216,0.8560978835978836,0.15452192270565715,0.10971323364412001,0.20503817012811254,3.2349562874297186,2.959410013366245,3.483425648948939,1.6744803652362745,1.3645195437370636,1.9586587700334603,3.1286363037571965,2.424114517981194,3.9833677444733215,2.077857055643692,0.8393327422596848,3.5976034657738745,10.907809523809524,9.857142857142858,11.952380952380953,5.71130665065574,4.587638598906005,6.668055844643523,0.6707653400898319,0.6123395399060625,0.7252745902379396,0.18876305573148017,0.15912637701961857,0.21966725291917685,0.26343609935038503,0.025396825396825397,0.36367750635607776,0.19378068338095214,0.08728715609439695,0.2438148103394536,1,0,0.9523809523809523,0,0.9047619047619048,0,0.9047619047619048,2e-5,0.5714285714285714,0.44587,21,246,AntFS,0.832,0.168,Antarctic Fur Seal (AntFS)
Arctocephalus_tropicalis,subantarctic_fur_seal,Arctocephalus tropicalis,Subantarctic Fur Seal,6.5,152.5,49.8,NA,NA,least concern,4e5,land,4.7,50,300,25,38,0.09437751004016065,2.1832698436828046,1.6972293427597176,8395,3913,1838,5.744690346991543e-4,-0.003029558953574481,0.005128893985991229,0.343,6.3806756756756755,5.837837837837838,6.972972972972973,2.888156030323542,2.532965833941689,3.266170012712679,0.7237324538251009,0.6965653565189169,0.7491927501312177,0.23218988993933246,0.20699264888155364,0.25286011657438573,0.710445280995281,0.6781574431574431,0.746034159159159,0.257436349220671,0.23366981881086027,0.2805724883159439,3.3769157576908007,3.0142650321515436,3.687640151827132,3.3760285463078206,2.3843824024785425,4.230644652554627,3.8644618048798507,3.1388376093362886,4.602935254889913,2.9399604410841973,1.5100014005586242,4.175798253160485,12.465523025967144,11.166666666666666,13.630218253968252,12.017034856175345,9.054828880711206,13.72901787982011,0.6621916422152347,0.6216029228354274,0.7037548525086245,0.25022188265320794,0.2212769563082613,0.27929475012082444,0.27434862809201044,0.17742213304713306,0.36345579213226276,0.22537232764601306,0.19145323262075972,0.2543978722110016,0.8378378378378378,2e-5,0.6486486486486487,0.19296,0.5675675675675675,0.52377,0.3783783783783784,0.96258,0.16216216216216217,1,NA,NA,SAntFS,0.497,0.503,Subantarctic Fur Seal (SAntFS)
Arctocephalus_forsteri,new_zealand_fur_seal,Arctocephalus forsteri,New Zealand Fur Seal,6.2,164.38,55,199.38,141.88,least concern,2e5,land,3.9,45,285,15,42,0.08378088077336197,2.215848976111454,1.6679196853173615,5475,3285,1825,-0.002937430892344217,-0.014304788948074092,0.008214864608157528,0.668,6.857916666666667,6.25,7.5,2.315777322792176,1.815338686155987,2.8749505851050916,0.774517698654831,0.7385964912280701,0.8070260542082329,0.17279691841661302,0.1190417694070353,0.2307200246831898,0.7210352513227514,0.6545833333333334,0.7907407407407407,0.20410075709449438,0.13671788411296343,0.27247463045653303,2.9594671642165773,2.668644306038008,3.225593070331552,1.906708028076602,1.4442428919781125,2.2938475240943084,3.21908137428906,2.4973214459918873,4.258889545778905,1.8631207401015926,0.672761566269594,4.506172053856611,10.276931818181819,9.25,11.333333333333334,6.587972956425907,5.516497432834992,7.4814416256426846,0.7177169716028673,0.6687561762332929,0.7715496413229537,0.22509024999830848,0.1880748756546452,0.26241343996146765,0.31910069814444814,0.22180803571428573,0.4100839611777112,0.20869536519135448,0.13606045583478024,0.26587617190127033,0.75,0.00171,0.6666666666666666,0.23486,0.6666666666666666,0.31104,0.5833333333333334,0.54517,0.4166666666666667,0.94507,12,54,NZFS,0.157,0.843,New Zealand Fur Seal (NZFS)
Arctocephalus_australis,south_american_fur_seal,Arctocephalus australis,South American Fur Seal,6,159,48.5,189.25,141.25,least concern,275e3,land,4,45,365,22,35,0.08869179600886917,2.2013971243204513,1.6541765418779606,9417,4270,1971,0.019028900300682716,-0.007206091357594105,0.04817163326939161,0.062,5.472285714285714,4.714285714285714,6.142857142857143,1.1860769867907202,0.5345224838248488,1.7998003995015008,0.7676344370959033,0.6949436433572325,0.8191673739794041,0.08259573025470328,0.03364966292025947,0.16266067625418196,0.7633625094482237,0.6328954081632655,0.8744444444444445,0.15288677909548679,0.07858260044141958,0.24825757106151172,1.9801835203581248,1.7064817029847767,2.292462324578392,0.7726637395438455,0.5518535489915367,1.0443612603074763,2.673099407036277,1.9834507491989821,4.032036084954557,1.1714137274962082,0.4247639621454805,3.7861579927471882,6.320761904761905,5.428571428571429,7.714285714285714,2.4537331686415826,1.4638501094227998,3.236694374850748,0.7898139783060418,0.684515306122449,0.8706851680065966,0.1783842366030899,0.12256551555494764,0.23772290978896404,0.07309648526077098,0,0.19062499999999985,0.12315999802555591,0,0.25280754792249627,1,0.00391,1,0.00391,1,0.00391,0.5714285714285714,0.05469,0.2857142857142857,0.96094,NA,NA,SAFS,0.903,0.097,South American Fur Seal (SAFS)
Arctocephalus_galapagoensis,galapagos_fur_seal,Arctocephalus galapagoensis,Galapagos Fur Seal,5.9,64.5,27.4,151.25,120,endangered,7e3,land,3.6,90,545,22,0,0.12788632326820604,1.8095597146352678,1.449478399187365,8030,3650,NA,-0.0014816627823857065,-0.01257702162939864,0.01205455472872334,0.593,5.3445,4.833333333333333,5.833333333333333,2.0843277265000455,1.5447859516333116,2.678477631835372,0.6676374737434335,0.6182931286549708,0.7140570175438596,0.20472981557518827,0.15781913565873865,0.2568114951465413,0.6837090277777778,0.610162037037037,0.75,0.23400822280354494,0.16695820391936042,0.296900687635981,1.8034380597305484,1.5467505197331648,2.0771404295034688,1.041476558936051,0.7562731098599386,1.4084960049585318,3.890560559236023,2.83488594776371,5.336168230112223,2.5984009747832504,1.0166269758071314,4.9621905442989105,6.310481060606061,5.125,7.5,3.9611992460720225,2.189420152931046,6.238235126159623,0.8020931519892722,0.7197827621545695,0.8805756770910118,0.2056230186207179,0.1555767250760906,0.25451694167458144,0.24063510124135123,0.1314880952380953,0.34981105699855697,0.19691698531662946,0.13588639454110624,0.2603455889706992,0.8333333333333334,0.00232,0.5,0.21191,0.5,0.3667,0.5,0.60449,0.4166666666666667,0.9353,12,90,GFS,0.553,0.447,Galapagos Fur Seal (GFS)
Erignathus_barbatus,bearded_seal,Erignathus barbatus,Bearded Seal,1,265,276.36,230,230,least concern,5e5,ice,36,20,24,31,79,0.11952984925957899,2.423245873936808,2.478826128956196,11480,6935,2190,0.005876218694651936,-0.009565061589116061,0.02134606520230535,0.246,4.197153846153846,3.769230769230769,4.615384615384615,1.4453899884472512,1.0801234497346435,1.8501559185854912,0.6334995951417004,0.590242914979757,0.6748987854251012,0.1537105220878297,0.10142354128259298,0.20915082788122483,0.6122538461538461,0.5384615384615384,0.6923076923076923,0.20598126373482803,0.1386634734773256,0.26818478130400486,1.2173749581475015,1.0991145978133128,1.3402159254713906,0.6206251921963865,0.48420955582812586,0.7705014280922167,3.3410210908561,2.5493785395539783,4.528721112788276,2.007968166561503,1.0090363550322092,4.480477889379028,4.110615384615385,3.5384615384615383,4.6923076923076925,2.291226364680637,1.6640041748387433,2.846500325410855,0.8686789270914271,0.8137251984126984,0.9238212481962481,0.1482823511048586,0.107892725111354,0.18886724507055475,0.22174191086691086,0.13330128205128208,0.3051510989010989,0.19594298279065803,0.1414702402745106,0.2521493109207155,0.8461538461538461,8.5e-4,0.6153846153846154,0.34241,0.6153846153846154,0.52698,0.46153846153846156,0.81213,0.3076923076923077,0.97131,NA,NA,BS,0.216,0.784,Bearded Seal (BS)
Cystophora_cristata,hooded_seal,Cystophora cristata,Hooded Seal,1,343.18,222.5,260,206,vulnerable,662e3,ice,23,20,4,35,49,0.10836277974087162,2.5355219699029696,2.3268476989159903,12775,3650,1387,-0.0013748283758170388,-0.00506333761932035,0.0023060981006267794,0.715,6.465076923076923,5.769230769230769,7.15576923076923,2.3696686116653516,1.7971657924065616,2.9548417265486315,0.7341795481132347,0.6895050408827499,0.774910263025588,0.1746522863305372,0.12233930923722154,0.235649648861065,0.7215715506715507,0.6538461538461539,0.7923076923076923,0.20238686733374453,0.13410422735531158,0.2688465879147067,2.4601591149960544,2.2219111160403595,2.7164948213518803,1.0753613195048066,0.8780479547367618,1.2708295988737228,3.1819674153375854,2.4751800636360004,4.180692700830704,1.703171553216194,0.8005597041458924,4.3309983716807094,8.208538461538462,7.153846153846154,9.309615384615384,3.4183111418692826,2.633548324700878,4.171061777617992,0.736226567341344,0.672808037864599,0.8013041659195506,0.18652255001629076,0.13386269277848098,0.2311420580162744,0.3403294626313857,0.2313316544566545,0.4407652763902763,0.18807078637325841,0.11134233896040024,0.2501390507936515,0.8461538461538461,0.03406,0.38461538461538464,0.81213,0.3076923076923077,0.9364,0.3076923076923077,0.98669,0.07692307692307693,0.99988,13,300,HoodS,0.115,0.885,Hooded Seal (HoodS)
Phoca_vitulina,harbour_seal_waddensee,Phoca vitulina,Harbor Seal,1,80,66,145,137.5,least concern,425e3,both,10.9,90,23.9,40,44,0.1442753143613501,1.9030899869919435,1.878234468675044,15987,5414,1095,-0.009394650091466561,-0.020138604147303032,0.002887314733529615,0.898,3.1588666666666665,2.8,3.468333333333332,1.0890632193461633,0.7745966692414834,1.424612049118459,0.4795962527233115,0.4305175438596492,0.5224649122807017,0.18173341688425504,0.1399640591895653,0.2243225312752392,0.47271703703703705,0.4,0.54,0.21645805088656417,0.15796322658258458,0.27433026824874607,0.9305556315591548,0.8000187025089686,1.0552612629641849,0.44781284364610363,0.36231893919328706,0.5468611011411146,4.504119686576736,3.1895050354822443,5.96447503430722,3.983471352972594,1.783282779786055,5.827709711856819,3.0317260073260073,2.5,3.5714285714285716,1.477975364092461,1.01418510567422,1.8851198135127853,0.8319202119309262,0.7763367346938775,0.8944472789115647,0.1973820849760722,0.15748477710425215,0.233969680967536,0.19788380952380952,0.10777777777777778,0.29666666666666663,0.2094550402572471,0.15803352858616476,0.261940358700527,0.8,0.01767,0.4,0.7193,0.3333333333333333,0.91559,0.2,0.98233,0.06666666666666667,0.9995,NA,NA,HS,0.471,0.529,Harbor Seal (HS)
Halichoerus_grypus,grey_seal_orkneys,Halichoerus grypus,Grey Seal,5,233,155,216.35,180,least concern,147e3,both,16.1,60,16,46,59,0.09333333333333334,2.367355921026019,2.2367890994092927,16347,5110,1825,0.001333628451646085,-0.0032841347233394914,0.005759605013921764,0.261,5.36,4.777777777777778,6,1.3407172100363303,0.7264831572567789,1.9364916731037085,0.7373820421446841,0.6903060381072507,0.7784808460421205,0.10179507339317982,0.057261970224319274,0.16199901974058287,0.717410582010582,0.6283796296296297,0.8031018518518519,0.16127244084891068,0.08850051931548601,0.23519131981572905,2.121577975825273,1.8273245101623083,2.397973763047849,1.026279446515724,0.6637747647987922,1.4168236568334314,3.595818689434653,2.573631046713365,4.889525154934582,2.104132363404575,0.7156167567965943,4.073325439324697,7.206,6,8.002777777777775,3.1484812096032235,1.855356751253091,4.034830667825079,0.7193456289081289,0.6410131072631072,0.8010675204425204,0.23049551908088062,0.17212318027548235,0.2779452167990276,0.16820426086259418,0.037037037037037035,0.3172156084656084,0.18375758828702926,0.09521211854572803,0.25710731269902243,1,9.8e-4,0.8888888888888888,0.00293,0.8888888888888888,0.00977,0.7777777777777778,0.10156,0.4444444444444444,0.91797,9,1254,GS,0.603,0.397,Grey Seal (GS)
Phoca_hispida_hispida,arctic_ringed_seal,Pusa hispida,Ringed Seal,1,71.67,66.5,129.3,128.9,least concern,25e5,ice,5.4,60,39,46,72,0.07312119160460394,1.8553374044695403,1.8683504996479683,16790,6804,2512,8.254532925520142e-4,-0.0018828930455918377,0.003804593708881936,0.246,9.6401,8.7,10.6,2.321681381539782,1.548560603189768,3.2041639575194445,0.8803892156862745,0.8526315789473684,0.9052631578947369,0.07080586831684134,0.036813238231231546,0.11962117594594249,0.8667544444444445,0.7999444444444446,0.93,0.1156558340078486,0.06324555320336757,0.18379486753433422,3.8669041445127776,3.282337993710757,5.18641485098685,1.870949983892294,0.849580371852344,5.449047902038115,3.5142142228113755,2.5146340890911754,4.837339579864579,2.3707746422867366,0.7228915225181118,4.55394608993696,14.301406666666667,11.5,21.35125,7.849492175521295,3.165920381827681,28.245278562323218,0.7119769254747832,0.619767540485584,0.8037060826310402,0.20548202719289502,0.12869950977473496,0.28545358106354196,0.47913377644414407,0.38870478132978137,0.5662308039183039,0.15494366428095305,0.08361271079076961,0.23485903342472783,0.8,0.06543,0.4,0.83887,0.3,0.94727,0.2,0.99658,0,1,10,303,RS,0.001,0.999,Ringed Seal (RS)
Phoca_hispida_botnica,baltic_ringed_seal,Phoca hispida botnica,Baltic Ringed Seal,1,95,95,NA,NA,least concern,6500,ice,NA,NA,NA,NA,NA,NA,NA,NA,11862,6789,NA,0.005936383052168814,-0.0055176101057905465,0.022246894751937113,0.162,6.936529411764706,6.411764705882353,7.529411764705882,2.2769930587649214,1.8627537185106855,2.717284955001497,0.7941773603169934,0.7674286906157239,0.8178659523664987,0.09815932298430095,0.07192539486989208,0.13617357315151854,0.7417426937441643,0.6926184640522876,0.7895588235294118,0.21787232143990126,0.18475655738931812,0.24942296771270533,2.7945233112455607,2.6533278832134344,2.934967004007313,1.2677697529458194,1.0957182168516377,1.4244103755023847,2.9311822268340038,2.5413841994887325,3.353142804233644,1.6034972021512575,0.9442349740766357,2.7678169121830134,9.14306862745098,8.529411764705882,9.764705882352942,4.247015473787487,3.5861252233639385,4.894361980057894,0.7231025123295969,0.6826977609508036,0.7644868885814492,0.14752143239863688,0.11327799051313638,0.1793142773414682,0.3110057788616612,0.24734641583906292,0.37924522373051783,0.21985389258129687,0.16865293302401232,0.26439511668098825,0.8235294117647058,0.00467,0.4117647058823529,0.69439,0.4117647058823529,0.78466,0.35294117647058826,0.93382,0.23529411764705882,0.99667,17,21,BRS,0.377,0.623,Baltic Ringed Seal (BRS)
Phoca_hispida_saimensis,saimaa_ringed_seal,Phoca hispida saimensis,Saimaa Ringed Seal,1,59,59,132,132,endangered,280,ice,5.1,NA,56,NA,NA,NA,1.7708520116421442,NA,7665,6789,NA,-0.0012227712040495664,-0.020527601403561184,0.020536891967364454,0.541,2.416470588235294,2.176470588235294,2.6470588235294117,1.3366899315999303,0.8616628049595209,1.8747548859392102,0.337270589752929,0.2942203909427548,0.3755495356037152,0.23787009867153291,0.20592018016020106,0.26712475358095195,0.3249361111111111,0.27053921568627454,0.38235294117647056,0.25298010225256773,0.19834315074161876,0.3063152640026113,1.6734232934662168,1.4440845244467884,1.9429315033479169,1.6541828048082479,1.3309035599409769,2.0312811399020805,5.640105132616329,3.5998665837634345,7.876403364943698,5.471447452017266,2.418041480646971,7.22244984829253,5.484503055400482,4.9,6.208333333333333,4.434990843576667,3.3284488021556573,5.285244212423542,0.5218210977730756,0.47023650983519405,0.5709268707482994,0.25501022914915433,0.21536307988560419,0.299409545444273,0.12262063279857398,0.04618347338935578,0.2107843137254902,0.20718707738945266,0.12508074263145758,0.2656673814922741,0.5882352941176471,0.11234,0.5882352941176471,0.39095,0.5294117647058824,0.46326,0.5294117647058824,0.5,0.5294117647058824,0.64405,NA,NA,SRS,1,0,Saimaa Ringed Seal (SRS)
Phoca_hispida_ladogensis,lagoda_ringed_seal,Phoca hispida ladogensis,Ladoga Ringed Seal,1,47,47,NA,NA,vulnerable,4e3,ice,NA,NA,56,NA,46,NA,NA,NA,NA,6789,NA,2.781641168290161e-4,-0.008479821682384306,0.01008694717113921,0.47,6.7207647058823525,6.411764705882353,7.0588235294117645,2.2025202280764957,1.7656860023298393,2.642970699354622,0.7561024767801857,0.7430340557275541,0.7687306501547988,0.15474232560297785,0.13135912390967552,0.18080554995872627,0.7144294117647059,0.6823529411764706,0.7411764705882353,0.22620447460218235,0.20308282604367386,0.25219623545261455,2.8594052999164736,2.7147713433015674,3.0014715417127866,1.5983717814292775,1.4745785393721862,1.6907670538778437,3.128788839669826,2.727751098360238,3.847983391700488,2.0710354232870807,1.2739940123195763,3.6048761570012493,8.987129411764705,8.558823529411764,9.294117647058824,4.845546482943045,4.34136228280804,5.214106995901204,0.7575918727446764,0.7179226002755414,0.8072838928500693,0.2644183294344701,0.19041849755129153,0.4016305389467234,0.3826464306934895,0.31514939309056955,0.4470821661998132,0.18829942956665804,0.15180460585274536,0.2303777452101682,0.7058823529411765,0.10345,0.47058823529411764,0.71047,0.35294117647058826,0.87825,0.29411764705882354,0.90495,0.29411764705882354,0.99129,NA,NA,LRS,0.708,0.292,Ladoga Ringed Seal (LRS)
Monachus_monachus,mediterranean_monk_seal,Monachus monachus,Mediterranean Monk Seal,1,260,301,254.75,364.6,endangered,400,land,22,365,42,30,37,0.0763888888888889,2.4149733479708178,2.459392487759231,8651,4015,1461,0.0741802238277609,0.0021978440568634025,0.16205931232462356,0.014,2.224625,1.9375,2.4375,0.6761707171779161,0.47871355387816905,0.9105858919765157,0.38526878052223834,0.3188033814847863,0.44868585407647904,0.22133987972975838,0.16711401014016622,0.2728185978785546,0.34438901951058204,0.25204861111111115,0.4279854910714286,0.2532638999903878,0.18306918485427762,0.3283717643604725,1.2243164406729243,0.9277979014112538,1.4811933887547313,1.0680255600239006,0.7278017053248005,1.2985220389953376,4.167035569193202,2.5320694965927784,5.864997348589096,4.089501152404155,1.753761062983466,6.061964054766803,3.5137087516650016,2.7857142857142856,4.291875,2.591369490714726,1.999839485942116,3.220419996356288,0.6544267923083805,0.581432730700976,0.734913984824699,0.26910203100908037,0.23682346312601069,0.30521529418659665,0.004833333333333333,0,0.041666666666666664,0.016919765992419386,0,0.1607687083776608,0.625,0.01932,0.5625,0.18773,0.5625,0.28094,0.5625,0.39098,0.5625,0.56987,16,109,MMS,1,0,Mediterranean Monk Seal (MMS)
Monachus_schauinslandi,hawaiian_monk_seal,Monachus schauinslandi,Hawaiian Monk Seal,1,173,265,214.2,233.7,endangered,1209,land,10.7,120,38,30,28,0.03985102420856611,2.2380461031287955,2.428944290035574,10950,5475,NA,0.01290770831197352,0.007578695171114769,0.018325977779552537,0.001,2.725111111111111,2.5,2.9444444444444446,0.9997737566385994,0.6978023391872252,1.3394467690277294,0.4630346032111641,0.4190379587064314,0.5060802385966858,0.18075069304740582,0.13494343120603783,0.22820985798216314,0.4561632495590829,0.383479938271605,0.5333333333333333,0.21679803641457254,0.15930426702053097,0.27612637228327047,1.4510390092842695,1.246094805991744,1.613207630528702,0.879028679192006,0.6547643549482767,1.0831334187707247,3.6299389654757714,2.5522211475103087,5.10211808471005,3.2603357979009826,1.3968476362860343,5.381804530955082,4.132088258636788,3.6666666666666665,4.555555555555555,2.6240086947817556,2.0857167172804734,3.2204406885722956,0.6113910912822035,0.5864572310405644,0.6428171361137046,0.21139120764042033,0.1915521794522677,0.23287787912696298,0.053502513227513225,0,0.12962962962962962,0.11839438882997814,0,0.21688299840942782,0.9444444444444444,2e-5,0.8333333333333334,0.00237,0.7222222222222222,0.00797,0.7222222222222222,0.05419,0.4444444444444444,0.51694,18,2386,HMS,1,0,Hawaiian Monk Seal (HMS)
Mirounga_angustirostris,nes,Mirounga angustirostris,Northern Elephant Seal,13,2275,513,450,295,least concern,22e4,land,40,70,26,20,37,0.07992007992007992,3.3569814009931314,2.6994040818153375,7406,3184,1460,0.010162809231997416,-0.00221070550052938,0.023198998938189146,0.023,2.2702285714285715,2.1714285714285713,2.3714285714285714,0.5691321825209166,0.45834924851410563,0.6761234037828132,0.41324780916832443,0.3844009779350337,0.4413059302668435,0.17738447607076466,0.15089125128093875,0.20246965435883207,0.399996746031746,0.349421485260771,0.45206349206349206,0.22697257725999456,0.18398391032192582,0.2673813847923877,0.9580801089904322,0.8652046164750096,1.0300487785024535,0.7427392204017061,0.626887861750849,0.8654651687690323,3.6426610529525734,2.595694501514077,4.931602135527288,4.108881215444959,1.9701593405476348,5.916782498693695,2.5085677164707527,2.303030303030303,2.6363636363636362,1.9826331358089515,1.6922282244532987,2.0891772806946114,0.7897384275750255,0.76743411578341,0.8134965437788019,0.2536394361569612,0.23291448014207145,0.2676290515145823,0.05901904761904762,0.016666666666666666,0.10958333333333328,0.1430590371492795,0.07850136932560092,0.19605037169702444,0.9142857142857143,0,0.8857142857142857,0,0.8857142857142857,0,0.8571428571428571,0,0.8285714285714286,1e-5,NA,NA,NES,0.995,0.005,Northern Elephant Seal (NES)
Mirounga_leonina,ses,Mirounga leonina,Southern Elephant Seal,48,3510,503,467,270,least concern,65e4,land,40,60,25,23,54,0.07744433688286544,3.545307116465824,2.7130703258556395,8280,3468,1460,-0.0023776351582294186,-0.008372799168604202,0.00298698774891879,0.723,5.985692307692307,5.461538461538462,6.461538461538462,1.8408356214524002,1.325175147383734,2.4153620171035475,0.7707353073483104,0.7376315789473684,0.797995951417004,0.10815187313727459,0.06970774425223555,0.1626954420270337,0.7608623931623931,0.7,0.823076923076923,0.15627888662156003,0.09922938078416946,0.21838568563966754,2.2125281225680125,2.0255289295356955,2.412160359988342,1.004999704913204,0.852053620317883,1.1615448733401295,2.774401848710889,2.238168211742617,3.4810810772250487,1.6544168715462875,0.7579294554377115,3.0765789916083626,7.172815384615385,6.3076923076923075,7.923076923076923,3.0852455159867977,2.4337266972065468,3.7893237337253676,0.7781529772602589,0.7090351484264528,0.8499228579391622,0.18704502893232433,0.13910953617721283,0.2376634976138694,0.2537618975042052,0.1612576312576313,0.3355112942612942,0.1889303724749099,0.12910293254440555,0.24539513129790533,0.9230769230769231,1.2e-4,0.8461538461538461,0.01331,0.8461538461538461,0.02393,0.7692307692307693,0.0636,0.46153846153846156,0.70605,NA,NA,SES,0.467,0.533,Southern Elephant Seal (SES)
Ommatophoca_rossii,ross_seal,Ommatophoca rossii,Ross Seal,1,173.8,185,199,214.6,least concern,22e4,ice,27,60,30,21,70,0.15472779369627507,2.2400497721126476,2.241795431295199,7665,4015,1278,0.01379340543880092,5.1642961271370755e-5,0.028223260430084305,0.011,7.233666666666666,6.555555555555555,8,3.7232220220677243,2.876991964596937,4.6312636772460305,0.730544910751825,0.6772248022015824,0.7707602339181286,0.21406775083032903,0.15131839696515517,0.28380572525784875,0.7307506172839506,0.6333333333333333,0.8222222222222222,0.2184616580442119,0.13628402850142574,0.2990796607640178,2.254665222041032,1.9217458231634554,2.5822421771038124,1.3940681322433564,1.02063368180012,1.7726485257072309,4.054743935254857,2.988926037944941,5.581217851802929,2.564520852602109,0.8091020231867566,5.130733429615099,8.297430357142858,7.039616402116402,9.5,5.082853580200722,3.7758139271838718,6.27239031517568,0.8254517138168026,0.7281124548481203,0.9417311047225907,0.2384877609886892,0.13990684867285824,0.40820046573270236,0.3709042341191851,0.22514911014911015,0.4954728835978836,0.23392784061592564,0.1409011745032988,0.307670988093894,0.7777777777777778,0.08203,0.3333333333333333,0.75195,0.3333333333333333,0.82031,0.2222222222222222,0.99023,0.1111111111111111,0.99902,9,90,RoS,0.004,0.996,Ross Seal (RoS)
Lobodon_carcinophagus,crabeater_seal,Lobodon carcinophagus,Crabeater Seal,1,220.5,224,226,228.5,least concern,4e6,ice,30.7,45,17,39,65,0.1370535714285714,2.3434085938038574,2.3502480183341627,14235,5475,1825,4.002418822923737e-5,-0.004269456429457085,0.004783839467836569,0.492,8.760142857142856,7.853571428571431,9.714285714285714,2.650111458452388,1.864454471471609,3.4368444975562698,0.8612468217111406,0.8300685537372844,0.8879699248120301,0.09456331342113913,0.053733452030331454,0.145231341866102,0.8525138888888889,0.771388888888889,0.9285714285714286,0.1400859429683827,0.06900655593423541,0.2340126166724879,3.5882744594369513,3.139370579468957,4.044658111894391,1.6189210758997377,1.2606989697202617,1.9891528772650946,2.959846353098158,2.2104931876456435,4.0150996274216215,1.410377256124424,0.4964410190799246,2.952949453296112,12.355,10.428571428571429,14,5.243164377193993,3.7285891384892884,6.506955085076296,0.7006259187669296,0.6168239863728585,0.7840122534107496,0.16570767784969223,0.08924521516706974,0.2305606627889766,0.38088086278800565,0.24047052154195012,0.5046250773036487,0.1872706143050521,0.08109331869568467,0.28812086638561785,1,0.00391,0.7142857142857143,0.02734,0.7142857142857143,0.1875,0.5714285714285714,0.46875,0.14285714285714285,0.98828,7,303,CS,0.084,0.916,Crabeater Seal (CS)
Hydrurga_leptonyx,leopard_seal,Hydrurga leptonyx,Leopard Seal,1,324,367,287,322.48,least concern,35500,ice,35,100,29,26,54,0.09536784741144415,2.510545010206612,2.5646660642520893,9490,5110,1461,-0.0035258292936500846,-0.007993846691748277,0.0013207814057734687,0.889,6.731357142857143,6.071428571428571,7.357142857142857,2.6309372783225506,2.081940671032367,3.204134264506738,0.7327299503637794,0.6956719924812029,0.7684018870706177,0.2099612630598068,0.1522492011183421,0.26573383315088356,0.7255086734693877,0.6690476190476191,0.7849206349206349,0.23552772750070547,0.17303659519014067,0.2994695245486972,2.7603765915124483,2.365293221930438,3.1418042164532087,1.9285706853078295,1.4073496707447308,2.4229540393747135,4.495532259817277,3.383440800506082,5.8747089429351105,2.9262195933225432,1.4541454673161696,4.91973655344913,9.849498822605966,8.428571428571429,11.307692307692308,6.413505186351944,4.925639971384427,7.66797248284243,0.7216452692117106,0.6398512900143334,0.8024955471012128,0.2243565342169435,0.16421137231761013,0.3004530043892204,0.3349302958945816,0.23551986703772418,0.4358850623582766,0.20901228806406905,0.14333806099970944,0.2662081688509615,0.7857142857142857,0.01227,0.35714285714285715,0.85211,0.35714285714285715,0.92346,0.2857142857142857,0.98987,0.14285714285714285,0.99985,14,150,LS,0.143,0.857,Leopard Seal (LS)
Leptonychotes_weddellii,weddell_seal,Leptonychotes weddellii,Weddell Seal,3,360,376,250,259.5,least concern,633e3,ice,28.5,45,50,25,77,0.0692588092345079,2.5563025007672873,2.6143698395482886,9125,4015,1825,0.0030566472737203476,7.613764737316485e-5,0.006384444159926417,0.026,6.341933333333333,5.733333333333333,6.933333333333334,2.0688835105067507,1.6384500658824117,2.5261959323898284,0.7346925100332531,0.6964561403508773,0.7719473684210527,0.168573606197005,0.1195322409520614,0.22163263928527008,0.7256540740740741,0.6533333333333333,0.7933333333333333,0.20042697417392843,0.13732131246511906,0.25632164351737885,2.147098828124093,1.8694916175170626,2.4762791658673917,0.8844925372524038,0.5868755747622153,1.3867966123728872,3.8583493956141885,2.9781241838215045,4.906872662325247,2.4181904123304765,1.140257398487485,4.260772758533179,7.7561825396825395,6.6,9.2,3.3661957450037727,2.0511875114671474,5.964422200065133,0.7599864378817561,0.6897571235125582,0.8331397135079077,0.1957852197607634,0.13493722128249835,0.25988065412415057,0.34715322843822843,0.26434656084656083,0.4383888888888889,0.1922401460205101,0.12812003782131606,0.24835424567785358,0.8666666666666667,0.00623,0.4,0.7894,0.3333333333333333,0.93973,0.3333333333333333,0.99246,0.06666666666666667,0.99998,NA,NA,WS,0.193,0.807,Weddell Seal (WS)
